Date,Website_Visitors,Conversion_Rate (%),Ad_Spend ($),Revenue ($),Social_Media_Engagement
2025-01-01,4270,3.4164061858421793,4315,11238,3253
2025-01-02,1124,1.932880689856818,1873,4968,2951
2025-01-03,3191,4.388062690619274,1436,10821,644
2025-01-04,3974,4.369285845685045,884,6196,3069
2025-01-05,1576,2.920339204647816,802,15655,4738
2025-01-06,1204,2.0094611938152545,745,14290,3366
2025-01-07,2925,2.8898737931767378,3302,13422,2218
2025-01-08,3531,2.0390176128785447,4017,7842,2579
2025-01-09,2584,4.862608858071882,721,7295,4830
2025-01-10,4680,3.9580962454387802,4543,10692,3233
2025-01-11,4383,3.9632233120437066,3230,8539,3089
2025-01-12,4171,4.57245378034921,4445,6764,2371
2025-01-13,4077,4.369105417098699,2403,13703,1333
2025-01-14,2345,1.7137042111562082,1249,13300,887
2025-01-15,3674,3.305075287874563,1400,2551,4797
2025-01-16,4727,2.6152190255354153,4836,7022,4846
2025-01-17,1872,3.523205580128391,700,19115,4754
2025-01-18,3075,3.5277377802368424,3230,3832,4368
2025-01-19,4882,4.246812802852368,3612,13026,1984
2025-01-20,3040,3.710918602671206,2130,1389,3370
2025-01-21,4907,3.87031572490623,4223,18398,4922
2025-01-22,4893,1.641421498133782,4471,10493,2796
2025-01-23,4123,3.2303267208461497,2479,6985,1501
2025-01-24,3941,3.9165565315562314,1341,12399,512
2025-01-25,1417,4.414386316394824,2327,1131,428
2025-01-26,1617,3.2639805002940783,1846,7096,4599
2025-01-27,1222,3.4508226952193364,3332,2444,215
2025-01-28,4815,3.239665731637864,2236,10769,991
2025-01-29,3340,3.28316273942127,4848,10473,3707
2025-01-30,4904,3.221026696008459,3264,3433,4752
