"ID","Hired"
1778,0
5940,0
4018,0
108,0
1566,0
3829,0
4782,0
219,0
3842,0
3261,0
2411,0
4238,0
5294,0
297,0
4107,0
4492,0
1102,0
2889,0
1086,0
3743,0
3255,1
762,0
3194,0
1253,0
213,1
5481,0
4708,0
1291,0
1634,0
2811,1
2613,0
536,0
125,0
5236,0
1287,0
1601,0
444,0
144,0
3897,1
4480,0
719,0
1823,0
1768,0
4774,0
3318,0
5663,0
3653,1
1547,0
4580,0
2742,0
988,0
1211,0
4155,0
4333,0
5800,1
824,0
2882,0
5020,0
2516,1
5512,0
4788,0
2995,0
5852,0
4334,0
4758,0
5908,0
2637,0
1094,0
3473,0
3204,0
2149,0
2314,0
109,0
5689,0
2956,1
2743,0
4552,1
5490,1
2440,0
4069,1
294,0
427,0
4961,0
4756,0
2777,0
5549,0
5290,0
1467,0
4739,0
4206,1
2485,0
4279,0
5837,0
3790,0
2175,1
1553,0
2073,0
2996,0
1085,0
4088,0
846,0
3246,0
3683,0
5168,0
4032,0
100,0
4110,0
3180,1
717,0
2879,1
143,1
582,0
3071,0
3087,0
2901,0
5422,0
1072,0
1148,0
3383,0
16,0
4126,0
3525,0
4827,0
1847,0
2975,0
217,0
450,0
3182,0
47,0
760,0
1376,0
1787,1
3056,0
4672,0
5241,0
2821,0
4956,1
4869,0
4301,0
3962,1
4031,0
5664,1
3218,0
5950,1
2878,1
2653,0
2718,0
3168,0
2518,0
118,0
5982,0
4659,0
4909,0
4867,0
5176,1
3882,0
1380,0
1024,0
1574,0
5701,0
5755,0
5363,0
3163,0
2728,0
1495,0
2368,0
1686,0
3605,0
1835,0
1755,0
1889,0
865,0
4816,0
5382,0
3805,0
5834,1
4007,0
5473,1
952,0
2170,0
2661,0
1114,1
78,0
1410,0
662,0
305,0
5041,1
700,0
1833,0
3493,0
954,0
782,0
1062,0
4055,0
3533,0
216,0
2399,0
5373,0
3106,0
5114,0
939,0
2809,0
3358,1
3877,0
3856,0
4476,0
2324,0
1594,0
5647,0
3929,1
2884,0
825,0
1711,0
4755,0
3160,0
5195,0
3802,0
1992,0
2189,1
5598,1
2710,0
2301,1
4866,1
2971,0
1701,0
583,1
1667,0
4585,0
4086,0
5465,0
176,0
4690,0
5766,0
2031,0
5493,0
4444,1
4822,0
1100,1
1295,0
177,0
1022,0
4191,0
5229,0
4057,0
404,1
3371,1
928,0
2133,0
3809,0
4984,0
5033,1
5225,0
1437,0
2590,0
1453,0
1977,1
5611,0
4804,0
4494,1
1883,0
4163,0
2826,1
3603,1
5338,0
5543,0
2801,0
4369,0
4651,0
5668,0
4237,0
5574,1
2235,0
2816,1
4001,1
359,0
715,1
3804,1
5783,0
2093,0
5323,0
1521,0
2429,0
3486,0
4096,1
4080,1
2144,0
1842,0
1434,0
979,0
5466,0
4584,0
1329,0
3740,1
4675,0
693,0
2348,0
5392,1
673,0
3725,0
5761,0
5040,0
4093,1
1066,1
5244,0
4753,1
4536,1
1234,0
5817,0
945,1
5165,0
2098,0
2082,0
1895,1
2177,1
4016,1
4368,1
5881,1
477,0
5597,0
5292,0
1681,0
1438,1
3993,1
4594,0
4851,0
5147,1
3801,0
3977,0
1356,0
2262,0
5109,0
2211,1
5049,1
3987,0
339,0
1921,0
4783,1
1348,0
2088,0
5324,0
3094,0
5609,0
1884,0
4572,0
1104,1
3731,1
482,0
4561,0
2844,0
1383,1
2096,0
3108,1
63,0
4277,0
3832,0
2011,0
5171,0
268,1
4960,0
1527,1
5022,0
1822,1
2225,0
723,0
996,1
549,0
5177,0
3619,0
2154,1
4952,0
1451,0
3923,0
2603,0
3060,1
5692,1
2138,0
5666,0
3562,1
2277,1
2188,1
3996,0
3292,1
586,1
5792,0
3412,0
4164,0
5420,0
2984,0
1575,0
201,1
1796,0
4240,0
4722,1
1403,0
3854,1
335,0
88,1
414,1
591,0
1235,1
3871,0
2922,0
4052,0
3341,1
205,1
2636,0
1875,0
241,1
3969,1
2067,0
1496,1
4121,0
1904,1
1230,0
2462,0
1502,0
2970,1
1464,0
5721,0
1894,0
1447,0
490,1
4777,1
1442,0
86,0
1533,0
5298,1
4826,0
5718,0
1036,0
2695,0
4125,1
4975,0
3497,0
4704,1
630,0
4966,0
1909,0
4898,1
83,0
1160,1
4560,0
5538,0
517,0
1103,0
4395,0
425,0
5375,1
5636,0
4040,0
955,0
4933,0
706,1
5187,0
5082,1
2966,0
2658,0
3025,0
5850,0
319,1
3317,1
242,1
4860,0
1963,1
4165,0
4554,0
5681,1
905,1
5844,0
2954,1
4317,1
2247,1
2385,0
3068,0
2449,0
4376,0
3792,0
2110,1
4550,1
3544,0
5656,0
375,0
5452,0
346,0
1779,0
405,0
2240,0
2755,0
4597,1
2479,0
2183,1
572,0
1974,0
3197,0
1227,0
2048,0
2825,1
2705,0
48,0
5121,0
4874,1
3364,0
5855,1
3105,1
1730,1
759,0
1165,0
5528,0
39,0
4382,1
3303,0
1777,0
1347,0
2195,0
1960,0
1005,1
151,0
117,0
4706,0
5447,0
396,0
2621,1
5977,0
3311,0
4982,0
1924,0
4396,1
2256,0
5665,0
3385,0
4859,0
1525,1
816,0
748,0
5915,1
3099,0
4412,0
3389,1
4318,1
5874,1
5972,0
1659,0
430,0
5088,1
4142,1
4608,1
301,0
4156,0
913,0
5388,1
1956,1
4677,1
3678,1
2463,0
1224,1
1508,0
1485,1
4009,0
4039,1
191,0
1570,0
362,0
4235,1
5714,0
2239,0
705,0
3151,0
3143,1
527,0
5291,0
1156,1
3186,0
580,0
411,0
2803,1
4291,1
1134,0
1950,0
4633,0
3781,0
2315,1
5150,0
2091,1
364,0
3715,0
3718,1
5541,0
5669,0
5627,0
4349,1
2439,0
5568,0
4284,0
4760,0
1019,1
3346,0
4796,1
730,0
3085,0
4510,0
3875,0
3352,1
202,1
1505,0
4574,1
2782,1
2253,0
4276,0
3669,0
853,0
1307,0
3232,1
3955,0
605,1
3749,0
1870,1
2877,0
683,0
3616,0
4342,0
3639,0
4484,0
1676,1
4067,1
5377,0
5770,0
2551,0
5000,0
2012,0
1145,0
4438,0
2514,0
666,1
3837,0
800,0
1369,0
4848,1
5016,1
4840,1
931,0
5196,0
412,1
5886,0
3710,0
1556,0
2537,1
3864,0
3220,1
3492,0
317,0
1194,1
5559,1
2094,0
3314,0
4942,0
1984,1
1885,0
5963,0
5156,1
3621,0
2962,0
2351,1
3681,1
3932,0
60,0
4129,0
386,0
5682,0
2963,1
5029,0
5742,0
1166,1
1137,0
1753,0
1862,0
5927,1
2865,1
3044,0
5432,0
2707,0
184,0
1660,0
4103,0
5459,0
4582,0
168,0
4711,0
1538,0
4766,0
2213,1
5245,0
5340,1
774,0
2601,0
3574,1
113,0
3096,0
5451,0
4400,1
3472,1
497,0
4935,1
1449,1
949,0
3403,0
5585,0
5870,0
2726,1
3757,0
941,1
5220,0
5217,0
5457,0
5496,1
1629,0
2401,0
5774,0
3396,1
1266,0
2998,0
792,0
1361,0
4660,0
694,1
1011,1
2699,0
5827,0
4629,0
5989,0
4499,0
2103,1
5027,0
5556,1
2299,0
3213,1
5199,1
1352,1
331,0
2790,0
5920,1
3368,0
1543,1
2624,1
4015,1
1792,1
2198,0
2757,1
790,0
5555,1
5793,0
1943,0
2885,1
3992,0
2850,1
5787,1
4359,0
971,0
218,0
5035,0
2244,0
435,0
1563,0
51,0
631,0
4111,0
1444,0
3374,0
1275,1
4548,0
5234,0
5047,0
1359,0
4537,1
258,0
1859,0
5540,1
1640,0
1302,1
4531,0
917,1
4468,0
1866,0
318,1
3724,0
5398,0
4781,0
3517,1
3838,0
5219,1
771,0
76,1
4743,0
2687,0
3983,0
3560,0
132,1
590,1
3975,0
2407,1
5892,0
3494,1
539,0
998,0
5581,1
618,0
5539,1
3015,1
565,0
2298,0
1961,1
1993,0
1018,1
3836,0
4275,1
3045,0
1152,1
5822,0
2842,1
5553,0
1788,0
3561,1
5038,0
5461,0
4922,1
1869,0
4118,0
2561,0
1263,1
4877,0
3633,1
5092,1
1210,0
4569,1
1863,1
5987,0
2940,0
3825,0
2122,0
431,0
4522,0
3312,1
1908,1
3935,1
1198,1
602,0
2254,0
4289,0
1727,1
1499,0
3860,1
3176,0
1840,0
4348,1
3534,1
2196,0
3153,1
5734,1
4904,0
5582,0
4596,1
3998,1
5533,0
3479,0
5895,0
3890,0
147,0
2596,0
3362,1
7,0
3952,0
3211,1
3527,1
2412,0
2502,0
5278,0
3630,0
5028,1
5781,0
2191,0
3737,1
3982,1
4398,0
4890,0
4864,0
1401,1
1256,0
502,0
1922,0
2117,1
447,1
3103,0
260,0
1010,0
5571,0
4131,1
4825,0
2470,0
2003,0
698,0
3005,1
665,0
838,1
5330,1
5700,1
5268,0
3529,0
5990,0
3815,0
2241,1
5671,1
5930,1
5723,0
2585,1
1957,0
5524,0
2647,0
2973,1
688,0
3116,1
1580,1
4544,0
5103,1
921,0
1582,0
2178,0
4391,1
893,1
3510,0
1857,0
2582,0
4378,0
3888,1
849,1
5231,0
1350,0
5873,1
5772,0
471,1
1565,0
4882,1
5891,1
62,0
5477,1
3629,0
2679,1
5153,1
1445,0
5101,1
3612,0
2279,0
4520,0
2504,0
4184,0
5932,0
4733,0
5630,0
1172,1
1722,0
4215,0
3567,1
3035,1
5415,0
5694,0
1411,1
5222,0
1414,1
4045,1
5055,0
3990,1
1500,0
5418,1
1966,0
4507,0
944,0
1983,0
5863,0
1636,0
1452,1
299,0
5386,1
4138,0
566,0
4841,0
3597,0
629,0
3704,0
476,0
505,0
4745,1
2716,0
3367,1
856,0
2904,1
3553,1
2855,0
2818,1
2423,0
5717,0
5134,0
2325,0
5801,0
4474,0
5417,0
1477,0
3674,1
5054,0
3559,1
5860,0
5321,0
1991,0
4414,1
876,0
4813,0
3803,0
4945,0
4910,0
4553,1
877,0
1588,0
22,0
2290,0
5180,0
2342,0
2957,0
1799,0
5391,0
4785,1
1229,0
5364,0
5112,0
4361,0
189,1
5773,0
2711,0
3708,0
3667,1
789,0
5411,0
1744,0
787,0
1930,0
2645,0
2377,0
474,0
1157,1
3692,1
798,0
5095,1
1595,0
1771,0
1300,0
4512,1
1487,0
2510,1
1764,1
4797,0
1233,1
1427,0
4053,0
2508,1
3137,0
418,0
179,0
5945,0
3339,1
2053,0
1925,0
3345,1
325,1
2848,0
4136,0
3256,1
906,0
5685,0
1626,0
2724,0
4466,1
2733,0
3361,0
5649,0
2018,0
4778,0
2753,0
449,0
2665,0
70,0
5468,0
1691,0
1932,1
2868,0
1759,0
5495,1
5410,1
5069,0
197,1
3566,0
1709,0
3738,0
5889,0
2745,1
970,0
3797,0
1688,0
990,1
845,1
5918,1
5971,0
270,1
4134,0
1219,0
4643,0
4618,1
2054,0
5864,0
3097,1
5311,1
1893,0
1829,0
5189,1
4435,1
5885,0
4847,1
3565,0
1297,0
2652,0
1583,0
481,0
1482,0
1920,0
5750,1
4916,0
2654,1
2717,0
3944,0
4875,1
5957,0
5445,1
910,1
2137,1
1898,1
1092,1
5281,0
5492,0
2871,0
2633,0
1021,0
2620,0
5032,1
4741,0
5857,0
2380,1
2059,0
259,0
823,0
3053,0
4475,0
4459,0
2923,1
518,0
5650,0
1591,0
1279,0
4479,0
1706,0
1510,0
5381,1
4779,1
2587,0
5271,1
5302,0
3676,1
1638,0
5262,0
2702,0
42,1
3406,1
2859,0
377,0
4805,1
599,0
19,1
5514,0
5934,0
2444,0
2378,0
4423,0
1622,0
2977,1
1737,0
2638,1
4043,0
520,1
5146,1
5289,0
384,0
4127,1
579,0
5144,0
1557,0
5488,0
3123,1
1641,0
3626,0
4051,1
5731,1
2756,1
4832,1
4912,0
2057,1
4621,0
1985,0
300,0
2375,0
902,0
3902,1
1679,1
3078,1
3539,0
3778,0
712,0
1610,1
3753,1
699,1
718,0
922,1
5091,0
594,1
766,0
5233,0
2043,1
5449,1
3599,0
531,0
4029,1
2156,0
1030,0
1136,0
2448,1
5304,0
2136,0
3139,1
171,1
2617,1
5825,1
2263,0
2744,0
158,1
4509,1
5607,0
4944,0
901,0
4787,1
3037,1
2135,1
3777,1
2039,1
5573,0
2311,1
5923,1
4211,0
5426,0
2569,0
5561,0
4834,1
5517,1
2786,1
754,0
603,0
3594,0
2202,1
840,0
1665,0
1186,0
812,0
2981,1
5376,1
5888,0
135,0
3739,0
4732,1
3429,0
214,0
751,1
2079,0
164,1
1712,0
5829,0
1051,0
3395,0
5400,1
2703,0
535,0
3275,1
626,0
4964,0
635,1
1733,0
2606,1
5397,1
859,1
3206,0
2330,1
3076,0
4210,0
1697,0
1604,0
2789,1
1419,0
1294,1
1331,0
664,0
1053,0
5314,1
2356,1
4357,1
2278,1
3423,1
12,0
1749,0
1646,0
2858,0
4145,1
883,0
4411,0
5763,0
1785,0
2796,0
17,1
3761,1
2986,1
350,0
1550,1
310,1
2069,1
296,0
3578,1
1618,1
1927,0
2450,1
4795,0
5010,0
5946,0
1382,1
5471,0
5617,1
3061,0
2006,0
5546,1
4270,0
3654,1
2426,0
403,1
2008,1
4793,1
358,1
1939,1
1327,0
3007,0
864,0
1798,1
4620,0
5084,0
5018,0
4092,1
2664,0
938,0
2300,0
5090,0
2396,0
2552,0
850,1
5964,1
2805,0
4179,0
4322,1
2820,1
2722,0
3414,1
5936,0
4636,0
4735,1
366,0
3121,1
2969,0
4720,0
4896,0
1209,0
678,1
351,0
2077,0
308,0
3118,1
2173,0
20,1
2323,0
5917,1
206,1
5390,0
2341,1
2727,0
5267,0
3378,0
2218,0
1169,1
898,1
2712,0
5486,1
3251,0
1615,0
1669,0
3145,0
5166,1
2370,0
4701,0
5803,1
2539,0
5357,0
4214,0
1178,1
4511,0
4742,0
1074,0
1303,1
956,1
4427,0
1609,0
588,0
3940,0
3272,0
1881,1
5764,1
239,0
5592,1
3034,0
543,1
5771,0
935,0
613,1
4937,1
750,0
2591,0
1834,0
3664,0
1221,0
3745,0
501,0
4389,0
1576,0
5116,0
5203,1
5674,0
155,1
561,1
3227,0
1017,1
3063,1
5039,1
4410,0
589,0
4273,1
1598,0
4861,1
3208,1
2649,0
1115,0
3985,0
2576,0
3095,1
2550,1
1130,0
3788,0
2673,0
3850,0
884,0
1506,1
5749,0
3264,1
736,1
4384,0
1338,0
5205,1
5433,1
2007,1
3149,1
2895,1
2115,0
1564,0
5152,1
4168,0
329,1
4500,1
3113,1
4185,0
105,1
1349,0
3970,0
77,1
5909,0
1027,0
2274,1
2339,0
1270,1
2725,1
2471,0
636,1
3771,0
4327,1
382,0
4892,1
489,0
813,0
1398,0
3481,0
716,0
5243,0
2704,1
5588,1
3165,0
2750,0
5828,0
5460,1
2604,0
5799,0
2667,0
1168,0
4169,1
4178,0
3917,0
3636,0
436,0
1990,0
5768,0
1584,1
4470,0
1825,0
5230,0
5347,1
5210,0
1670,0
397,1
743,0
1726,0
4035,1
4649,0
369,0
4607,0
3438,0
4729,0
52,0
5743,1
3242,0
5021,0
3390,1
1846,1
573,0
3291,1
4386,1
1531,0
4792,0
5947,1
932,1
3657,1
508,0
5554,1
2688,1
5019,0
5816,0
5518,0
1342,1
5690,0
2857,0
488,0
3569,0
5767,0
1650,0
2950,0
3169,1
2334,1
2735,1
3637,1
5259,1
5078,0
926,0
2317,0
1243,0
1675,0
1501,0
4263,0
2223,0
5208,0
4431,0
458,0
3029,0
4172,0
2812,1
5470,0
2771,0
5901,0
2002,0
3989,1
5,0
2513,0
1187,1
649,0
3453,0
2622,0
3262,0
5264,0
788,1
1662,0
129,0
4650,0
5173,1
960,0
1795,0
676,1
279,0
5137,1
4850,0
4217,1
4160,0
5258,0
466,0
5310,0
5722,0
832,1
2863,0
2536,0
1999,0
3926,0
4947,0
637,0
1283,0
5758,0
3196,0
5141,0
5753,0
514,1
1177,0
4709,0
1344,0
2013,0
848,0
2084,1
2199,0
3024,0
1560,0
1188,0
2045,1
249,0
3604,0
5933,0
4587,0
5075,0
3487,0
5769,0
3226,0
3821,1
1606,0
1526,0
1964,0
2677,0
4973,0
2908,0
967,1
2456,0
5532,1
4227,1
3050,0
1899,0
2793,0
93,0
4176,0
85,0
1476,0
2828,0
3067,1
1715,0
1059,0
533,0
512,0
159,0
3939,0
3610,0
5043,1
1079,0
2919,0
725,0
2927,1
720,0
3705,0
2215,1
4025,0
4302,0
1326,1
75,1
2089,1
3925,0
1906,1
3887,1
3848,0
4304,0
2193,0
5155,0
282,1
3315,0
3241,0
4083,1
2507,0
1803,0
4955,1
3249,0
5935,1
1872,0
2364,1
1264,1
1897,1
3624,1
43,0
4335,1
5841,1
2,0
2295,0
5862,1
3863,0
2987,0
3188,0
1524,0
1671,1
1354,1
2524,0
522,0
1353,1
4719,1
5725,0
778,0
2085,0
2367,1
4664,1
5564,1
3177,1
344,0
4800,0
1760,0
4458,0
5525,0
4321,0
3503,0
887,0
4744,0
4958,0
3443,0
5842,0
3296,0
5436,1
2114,0
4324,0
1337,0
4161,0
1784,1
380,0
5345,0
1998,1
1146,0
3576,0
1277,0
4028,1
641,0
309,0
4686,0
682,0
2227,0
880,0
4162,0
1797,0
1317,1
4269,0
1179,0
3484,1
3115,0
1318,1
4972,0
3904,0
1071,0
4612,0
5780,0
198,0
5683,0
3956,0
3437,0
116,0
356,0
399,1
4702,0
516,0
2269,0
1321,0
222,0
3328,1
1649,0
2831,1
5667,0
3446,1
3073,0
2959,0
2594,0
4344,0
3523,0
4568,0
1653,0
5655,1
1068,0
4669,0
2824,0
3898,0
4565,1
5707,0
134,1
4959,0
4794,0
4980,0
2845,1
4436,1
2386,1
142,1
3800,0
1185,1
1081,0
2487,1
3609,1
5751,1
1837,1
714,0
734,0
3421,1
3216,0
1381,0
4271,1
5450,0
3498,0
106,0
2501,0
4606,0
1928,0
1127,0
5789,0
1816,1
4595,1
4545,1
5958,0
4487,1
1345,1
4434,1
2483,0
882,0
3532,1
5760,0
2836,0
1766,0
5637,0
638,0
5197,0
1200,1
15,0
4917,0
4985,0
1190,0
4806,0
5635,1
5160,1
4839,1
4842,1
4453,0
3921,0
2737,0
1781,0
3884,1
1723,0
470,0
5500,0
786,1
5256,0
2452,0
5337,0
1133,0
2182,1
1586,1
1203,0
3798,0
4375,0
2394,1
3017,0
3391,0
3914,0
5476,0
3981,1
3156,0
1558,0
874,1
4401,0
2482,1
3859,0
2532,1
551,0
174,0
3117,1
5383,0
71,0
2920,1
2729,0
657,0
791,0
1015,0
4338,0
526,1
4044,0
4551,0
1132,0
2577,0
1319,0
3723,1
254,0
660,1
1090,0
2220,0
3416,0
5434,0
2286,0
175,0
5993,1
4034,0
1725,0
5412,0
2255,0
3808,1
958,0
3278,0
4362,0
937,0
634,0
2684,0
1655,0
2675,1
1639,0
326,0
1290,0
3077,0
1804,1
3652,0
4992,0
1948,0
1163,0
1479,0
324,0
3238,0
2222,0
3190,0
3784,0
3469,0
3335,0
3735,0
607,1
5431,0
4601,1
4817,1
4881,1
3748,1
1124,1
1877,1
2428,1
4135,0
3943,0
5148,0
5185,1
11,1
5224,0
4218,0
1534,1
3179,1
5626,0
940,0
5522,0
4814,0
3397,0
4849,0
2157,0
4290,0
3770,0
5925,0
4167,0
5776,1
5263,1
1805,0
1314,0
511,0
3021,0
400,0
4087,1
3706,0
1324,0
1308,0
604,0
1786,0
925,1
1205,0
276,0
4846,0
3049,0
5519,0
1817,0
4130,0
45,0
2329,1
1064,0
4556,0
686,0
767,0
2806,1
3954,0
2714,0
1941,0
1257,0
5368,0
3381,0
1357,0
4789,0
128,0
333,0
5365,1
2172,1
5687,0
160,0
3507,0
483,1
5705,0
5778,0
1170,0
4501,0
5648,0
1713,0
2303,1
244,1
4768,0
3267,0
1696,0
136,0
5882,1
2921,1
5065,1
596,0
500,0
834,0
642,0
5336,1
4765,0
5744,0
5437,0
5675,1
4911,0
1807,0
4957,0
831,1
1162,0
3584,0
394,1
4808,0
5498,1
2579,0
5848,0
2560,1
1995,0
2270,1
756,1
5158,0
4738,0
1815,1
4837,0
3285,1
667,1
3579,1
3615,0
1509,1
25,0
27,0
3178,0
5328,1
563,1
4312,1
4617,1
3751,1
1195,0
2798,0
1430,1
4655,0
1952,0
1292,0
5992,1
3459,1
1388,1
3482,0
1458,0
2001,0
5405,0
89,1
3451,0
1367,0
4726,1
2528,1
434,0
5325,1
3899,0
4694,0
3655,0
2123,1
121,1
3911,0
2853,1
2616,1
600,0
5961,0
943,0
4575,1
2451,0
4199,1
5356,0
1400,0
5670,0
5911,1
2395,0
983,0
1590,0
196,1
3789,0
265,1
1202,1
3158,0
401,1
783,1
1416,1
1418,0
4506,0
3347,0
343,1
4981,0
4590,0
5094,0
2246,0
3181,1
828,0
5709,0
2607,0
5878,1
65,1
1120,0
1069,0
2918,0
2527,0
2682,1
1978,1
330,0
4042,0
4428,1
1694,0
611,0
1475,0
3880,0
5849,0
3531,0
2751,0
4899,1
2697,0
5175,1
4929,1
2153,1
5686,0
2838,1
3889,1
3879,0
1812,0
1046,0
1125,0
897,0
892,1
4897,0
3075,1
2765,1
5221,0
334,0
228,1
2800,0
5046,0
2046,1
4645,1
3248,1
2783,1
473,1
1876,0
492,0
2823,0
167,0
4371,0
4397,0
4448,0
2372,0
119,0
5560,0
3043,0
3010,1
3393,0
4695,0
4224,0
4193,0
2544,0
5045,0
2021,1
506,0
4243,1
3445,0
3483,0
2916,0
1013,1
2738,1
1351,0
187,1
3006,1
3334,0
3269,0
5535,0
758,1
4740,0
3442,0
2928,0
742,0
1128,0
1408,0
407,0
5458,0
1735,0
2104,0
5928,0
1907,0
2292,1
5252,1
2152,1
5602,0
1155,1
5048,0
2925,0
256,1
1339,1
2343,0
2632,1
5249,0
3478,0
1217,1
1377,1
5025,0
1750,0
5286,1
2774,0
5201,0
4385,0
4058,0
398,0
5105,0
2358,1
5454,0
1237,0
2313,1
1902,1
1549,0
2887,0
1213,0
3161,0
1613,1
4256,0
4019,0
341,1
92,0
4853,0
208,0
3817,1
4197,0
2619,1
4914,1
3647,0
4963,0
1710,0
5478,0
5443,0
1039,0
37,0
2397,1
313,0
3114,0
3427,0
2563,0
1657,0
5284,1
235,1
1887,0
4390,1
1189,1
5796,0
5240,0
2345,0
3645,0
4676,1
2472,1
4144,1
353,0
2674,0
3720,1
3038,0
2128,1
5616,1
4901,0
4968,0
2846,0
2549,1
5119,1
2192,1
1619,0
5693,0
4241,0
3210,0
934,0
1310,0
1740,1
2070,1
3557,1
3306,1
3370,0
3460,1
2841,0
524,0
3679,1
5371,0
180,0
2671,1
1096,1
2477,0
1242,0
3549,0
3711,1
4360,0
433,1
777,0
5332,0
5921,0
1212,0
4091,0
4239,0
193,1
4399,1
3948,1
1514,1
4122,1
4413,0
650,0
4303,0
2592,0
968,0
5004,0
5565,0
3631,0
422,0
3994,0
1404,0
1605,0
3775,1
4761,0
2773,1
4082,0
306,1
4189,0
2037,0
2083,0
2169,0
985,1
496,0
2466,1
1268,1
2813,0
3627,0
3286,0
1374,0
1810,0
3353,0
1049,1
5238,0
3927,0
5246,0
2668,0
5806,0
153,0
2706,0
794,0
4416,1
2476,0
5536,0
5188,1
498,0
3155,0
1707,0
1014,1
2097,1
5937,0
99,1
3031,0
5741,0
1571,1
3294,1
2374,0
4294,1
4221,0
5073,0
4715,0
3810,0
869,1
4254,1
1648,0
2597,1
5472,0
5143,1
5312,0
4010,0
2991,0
5344,1
868,1
1782,1
4198,0
3247,0
757,0
3950,0
393,0
3644,0
5739,0
274,0
4196,0
4433,0
4653,0
5235,0
4581,0
4027,1
2250,0
188,0
2032,1
3471,0
552,0
5118,0
2276,0
370,0
1252,1
4946,0
4685,0
5621,1
5154,1
3313,1
3012,0
523,0
5661,1
1483,0
1802,0
5070,0
741,0
5658,0
675,0
5107,0
287,0
5823,0
2336,0
5194,0
5157,1
3026,0
1677,1
3807,0
2326,0
2763,0
2693,0
821,1
4426,0
493,0
4932,0
606,0
3107,0
3965,0
5912,0
1579,0
1851,0
1976,0
5430,0
1954,0
340,0
80,0
4085,0
146,0
2958,0
4388,0
1375,0
1762,1
982,1
1259,0
2976,0
4905,1
388,0
5296,1
4364,1
5662,0
1632,0
951,0
1309,0
5815,0
3392,0
5108,0
1843,0
4415,0
3326,0
1032,0
861,0
1631,0
283,0
1323,0
4000,1
3702,0
5300,0
2555,1
2226,0
3582,1
2548,0
1214,0
4425,0
5726,0
2907,0
3022,1
1473,0
1541,0
3891,0
3712,0
2129,0
815,0
576,0
304,1
1780,0
4684,0
4073,0
3924,0
4072,1
4421,1
3672,1
262,0
4988,1
1262,0
5511,0
2142,0
2881,0
1719,0
5775,0
4089,0
3937,0
4725,1
2273,0
1454,1
625,1
895,0
2628,1
5424,1
5919,1
3896,1
1409,1
4139,1
200,0
3595,0
5838,0
3185,0
1412,1
3591,0
2415,0
2034,1
4320,0
3855,1
1386,0
2785,0
4449,0
3822,0
2880,0
1226,0
383,0
379,0
5066,0
468,0
5615,1
4703,1
5350,0
3682,0
432,0
4060,0
3839,0
472,0
2465,0
3831,0
503,1
4236,1
5699,1
4005,0
2051,1
5083,0
5402,1
5184,0
2398,0
1448,0
3953,0
5172,1
1684,0
5140,0
4888,0
3651,0
5098,0
2459,1
2529,1
3716,0
3348,0
2730,1
4863,0
2814,1
3135,0
1113,0
807,0
1702,0
2020,0
1083,0
5251,0
4228,0
4514,0
4268,0
4467,0
5255,1
1545,0
1082,1
4648,0
5980,0
2768,0
1258,1
4654,0
912,0
1853,0
173,0
5831,0
3874,0
2709,0
4854,0
3418,0
2272,0
2050,1
5836,0
2267,0
2480,0
4074,1
668,0
3690,0
3028,0
2160,0
2335,1
72,1
4112,0
866,0
1739,1
3279,0
3448,0
2287,0
585,0
1507,0
1000,0
2237,0
3309,1
2224,1
5698,1
3102,0
1721,0
1608,0
1435,0
1065,0
2754,0
5811,1
3772,0
1216,1
66,1
5999,0
4437,1
4930,1
4505,0
571,1
4012,0
5589,1
5931,0
3132,0
4070,1
4310,1
810,0
1325,0
5866,0
1905,0
5369,0
5247,0
776,0
226,0
3457,0
437,0
4868,1
2659,0
120,1
1158,0
2769,0
936,0
357,1
5835,0
2431,0
3266,0
1343,1
3656,0
3420,1
5446,1
1772,1
5106,1
3310,1
2542,0
4477,0
2938,1
3400,0
5387,0
342,0
2041,0
1023,1
5508,0
91,1
5042,0
2992,0
2357,0
4591,1
3696,0
3386,0
5367,1
4226,1
4798,1
5896,1
210,0
4282,1
2393,1
5182,1
4394,1
1551,0
3307,1
768,1
2469,1
1031,0
3764,0
2557,1
659,0
4907,1
4589,0
1577,0
2499,1
5464,1
5117,0
3338,0
2388,0
5053,1
2167,1
4906,0
1789,0
5239,0
4151,0
5846,0
4543,1
5805,0
3663,0
2558,0
1708,0
5200,1
1511,0
1431,0
4455,0
615,1
1191,0
995,0
1645,1
1745,0
3791,0
2554,0
677,0
3912,1
2655,0
2830,0
2402,1
1678,1
145,0
3224,1
4604,1
2009,0
622,1
5590,1
3768,0
2081,0
4132,1
225,1
1201,0
5622,1
1311,0
1045,0
797,0
3670,0
4102,1
5254,1
994,1
4775,0
1384,0
555,0
1569,0
5423,0
5485,0
3052,1
5926,0
2166,1
419,0
3480,1
3779,0
4173,0
4588,0
900,0
2127,0
3244,1
3958,1
5843,1
4893,1
4786,0
2130,0
1360,0
5639,0
4137,0
32,1
1371,0
1850,0
3399,0
3997,0
3758,0
5050,0
3916,1
4150,0
5962,0
1026,0
263,0
3907,0
1695,0
2890,1
4657,0
5408,1
1860,1
2468,1
5237,0
5995,1
2387,1
1959,0
5603,0
3192,1
1981,1
546,1
4515,0
2139,1
5192,0
2605,1
5562,0
4818,0
2285,1
5688,0
1306,0
3866,0
2843,0
5944,1
1459,0
1599,1
5900,1
4843,1
817,1
5516,0
5544,1
1077,0
3786,0
2914,0
3980,0
453,0
4203,1
3019,0
1996,0
1607,0
878,0
4244,0
1396,0
4346,0
4524,0
3407,1
1429,0
2854,1
5419,0
947,0
3290,0
3354,0
2445,0
4406,1
1330,0
1879,0
5139,0
1393,0
4465,0
2545,0
4257,0
4200,0
1535,0
5327,0
3092,0
1929,0
1151,0
1274,0
3707,0
4679,0
3455,0
4712,1
1122,0
2943,0
1729,0
2672,0
5056,0
3910,1
4003,1
1468,0
5929,0
5260,0
841,0
1680,0
1914,0
5110,0
462,0
4969,0
3475,1
3635,0
1334,0
4812,0
2017,0
1661,0
1830,0
3350,0
5413,1
2629,1
1972,1
2074,0
185,0
161,0
2185,0
5438,0
2641,0
4177,0
4828,0
3960,1
3581,0
95,1
2107,0
1852,1
5428,0
976,0
5998,0
367,0
5747,0
2071,1
2201,0
1532,0
5853,1
1443,0
1231,0
1704,0
553,0
4521,0
2275,0
2525,0
4941,0
4293,0
5677,1
708,0
3465,1
1,1
3283,0
4504,1
4418,0
2163,0
3972,0
728,0
247,0
4971,0
2588,0
3568,0
3233,1
1368,0
3979,1
5504,1
5604,1
3918,0
4688,0
2458,0
74,0
3827,0
5606,0
4900,0
1105,0
1298,0
2233,0
651,0
3881,0
2158,1
2979,0
24,0
1724,0
5894,0
3449,0
4663,1
4519,0
4891,0
3693,0
2165,0
3930,0
3014,0
4280,0
4443,1
35,1
2942,0
3680,0
4292,0
3551,0
4953,0
36,0
1422,0
4682,1
4049,0
4994,0
110,0
1450,0
445,0
354,1
5634,1
2131,0
4202,0
4836,1
2891,0
4724,0
2875,0
1537,0
82,0
4307,0
2599,0
423,1
2929,0
127,0
186,0
5596,0
540,1
3048,0
749,0
4195,1
3235,0
4979,0
1056,0
2492,0
593,0
653,1
2111,1
3228,0
2460,0
5030,0
930,1
4632,1
2430,1
5625,0
3611,1
4872,0
3240,0
4108,0
5480,1
5341,0
3134,0
101,0
3270,0
4773,0
4936,0
3505,0
4710,1
765,0
1244,0
4076,0
5100,0
2553,0
1087,0
3922,0
69,0
4974,1
5269,1
1208,0
3101,0
4408,0
1664,0
4838,1
4154,0
1271,0
610,0
5969,0
1150,0
2526,1
3516,1
644,1
1888,0
5550,0
1776,0
3903,0
5956,0
237,0
1986,1
548,0
3885,0
2369,0
1456,0
826,1
3245,1
711,0
2164,0
3467,0
1637,0
4769,0
5013,0
1417,0
3905,0
3548,0
1896,0
1111,0
916,0
4409,0
233,0
1490,0
5807,0
2119,1
1658,0
3868,0
4644,0
1642,0
2271,0
2075,0
5403,0
1399,1
2646,0
1916,0
1705,0
1362,0
2612,1
1544,0
3583,0
2028,0
4939,0
674,1
5456,1
2678,0
1042,0
903,1
3694,0
822,1
577,0
1269,0
713,0
1716,0
3933,0
3441,1
4405,0
2355,0
4593,0
3447,1
1007,0
4452,0
5986,0
5326,0
4314,0
5159,0
4949,0
3359,0
2421,0
2112,0
4503,1
3575,0
5579,0
595,1
3324,0
4021,0
5738,1
5679,0
5856,0
3330,0
3488,0
1732,0
3300,0
126,1
4549,0
2004,0
4442,0
1783,0
3130,0
3337,0
3760,1
420,0
1441,1
2194,0
2417,0
609,0
2102,0
271,0
4639,0
972,1
4323,0
811,1
4542,1
5906,1
1355,0
2229,1
1528,0
3382,1
739,0
5216,0
4681,0
3814,0
772,0
5429,0
3147,1
4258,0
1503,0
2797,1
4801,1
4297,0
5378,0
1025,1
495,1
5212,0
4950,0
56,1
41,0
2866,0
5979,0
3687,0
2683,0
464,0
272,0
1562,0
5537,1
5600,0
1047,1
3129,0
4219,0
2418,0
4004,0
3524,1
3518,0
3142,0
4462,1
2578,0
1988,0
5591,0
2333,0
2161,0
2118,0
49,1
3870,1
562,0
2243,1
21,1
2909,0
5163,0
5331,0
5704,1
1882,0
4146,0
2498,1
234,1
3424,0
3193,0
1078,0
2886,0
2025,0
1811,0
4450,0
4683,0
183,1
3520,1
908,0
291,0
1088,0
5620,0
5076,0
4689,0
773,0
3365,1
729,0
4251,0
2328,1
3686,0
1098,0
1206,1
5745,0
4534,0
3394,0
2381,0
1674,0
3813,0
709,1
5202,0
3295,0
5569,0
4671,0
2864,0
5226,0
5740,0
1402,0
10,0
4751,1
4662,0
442,1
799,0
3329,0
2611,0
3016,0
1432,0
2689,0
3658,0
1394,0
5712,0
2644,0
3947,0
2543,0
2948,1
2207,0
443,0
2600,1
1034,0
808,0
1937,0
597,0
1250,0
3065,0
4879,0
2610,0
2851,1
2631,0
322,0
3207,0
1016,0
4993,0
1752,0
5395,0
3959,0
5587,0
5135,0
87,0
3360,0
4356,1
5503,1
280,0
5732,0
3573,0
4563,0
1322,0
5228,1
4392,0
3089,0
3432,0
4564,0
521,0
494,0
97,0
5062,0
4014,1
4116,0
3388,0
61,0
2651,1
328,0
612,0
564,0
5633,0
2405,0
3474,0
896,0
2564,0
5784,0
4100,0
1700,0
3305,0
2443,1
528,1
885,0
1690,1
806,1
163,0
4903,0
4573,0
2206,0
253,0
2980,0
4094,0
133,0
4518,1
2736,0
4298,0
5354,1
567,1
2475,0
1465,0
1084,1
1596,1
1284,1
1108,0
3183,1
4315,1
4586,1
429,1
3088,0
3343,0
744,0
1589,0
4308,0
314,0
2779,1
5270,1
3909,1
124,0
3799,1
5657,0
3098,0
3111,1
3495,1
1289,0
4609,1
1559,1
224,0
2064,1
273,1
1249,0
248,0
4120,0
5644,1
2556,0
5273,1
3202,0
3434,0
2486,0
5955,0
2808,0
4274,0
3811,1
4115,0
4148,0
4046,0
3861,0
3526,0
2817,0
5875,0
5353,1
5877,0
1848,0
194,0
2464,0
525,0
1949,0
203,0
950,0
3064,1
2180,0
2912,0
5727,0
3157,0
4640,0
1335,0
5623,0
1836,0
1693,0
1767,0
3795,0
2162,1
5096,1
5975,0
4402,0
1530,0
802,0
1397,0
3762,0
795,0
4306,0
348,0
1328,0
1236,0
5954,0
3941,0
689,0
1946,1
5001,0
2784,0
2416,1
5404,0
2898,0
1139,0
5557,0
1734,0
2478,0
918,0
2120,0
547,0
2010,0
836,0
4381,0
5482,0
2473,0
3586,0
5145,0
3215,0
1685,0
5883,0
5167,0
3236,0
3521,0
5355,0
3608,0
1491,0
3032,0
3280,0
2099,0
3816,0
1747,0
5151,0
2626,0
919,0
1809,0
2493,0
5938,0
4008,1
4498,0
5313,0
2559,1
3110,0
5583,0
2572,0
575,0
5619,0
2772,0
5629,0
2457,0
3528,0
4991,0
390,0
3485,0
5277,0
3020,0
1911,0
5845,0
2715,0
2455,0
3845,0
2260,0
1756,0
5953,0
4749,0
5361,0
3173,0
3846,0
975,0
2159,0
4013,0
410,1
4090,0
1423,0
4325,0
4123,1
4209,0
873,0
1407,0
3506,0
5193,0
5128,0
1428,0
3013,0
574,0
3170,0
2390,0
3081,0
2140,0
2994,1
4114,0
3673,0
5754,0
4491,1
5276,0
5089,0
2721,0
5211,0
929,0
1140,1
5463,0
2657,0
4852,0
4128,0
2732,0
5978,0
4541,0
2643,1
3698,0
5653,0
2049,0
4300,0
4894,0
387,0
4278,0
5984,0
3915,1
2306,0
1461,0
251,0
3287,0
1718,0
4731,0
1112,0
3606,0
5943,0
3806,0
5283,0
4954,0
3120,1
1050,0
3126,0
3558,0
5729,0
4488,0
3499,1
3840,1
2261,0
3986,0
3209,1
4628,0
2181,0
5513,0
139,0
1055,0
737,1
3476,0
3141,0
2512,0
2205,0
2238,1
924,0
5861,0
1818,0
4844,1
2281,1
2232,0
862,0
1880,0
3833,0
4948,1
1494,0
1455,0
4873,0
4692,0
1945,0
1285,0
5132,0
1968,0
460,0
5017,0
34,0
3818,1
2541,1
156,0
5913,0
5501,0
2761,0
2065,0
4570,0
4117,1
5576,0
2568,1
3894,0
4062,0
3444,0
2187,0
2947,0
3057,0
4754,0
5706,0
2392,0
2595,0
2565,1
2228,1
2662,0
4255,0
1159,0
3931,0
4763,0
3011,0
96,0
1363,1
2656,0
229,0
1751,0
1315,0
3617,0
5301,0
2810,0
3883,0
5161,0
4540,0
1891,0
44,0
195,0
4845,0
3237,0
90,0
5660,0
2883,0
5654,0
5085,0
4579,0
753,0
5006,0
672,0
5427,0
4532,0
5575,0
298,0
1773,0
2862,0
1390,1
1241,0
3377,1
4833,0
957,0
5346,0
1089,0
1020,0
1587,0
3878,0
909,0
295,0
1379,0
138,0
4099,0
73,0
4319,0
4105,0
2000,1
4287,0
3074,0
2897,0
4147,0
5711,0
2666,0
2280,0
5710,1
2519,0
311,1
148,0
5186,1
3422,0
3198,0
803,0
3223,0
3070,0
3288,0
391,1
315,0
4259,0
84,0
5379,1
3363,0
2634,0
4928,0
5719,0
5366,0
2873,0
1520,0
855,0
5759,0
2770,1
4104,1
5733,0
5966,0
1839,1
671,1
345,0
4716,0
1673,1
1446,0
2101,1
2316,0
2581,1
1278,1
337,0
1131,0
3308,0
1651,1
830,1
1953,1
2936,1
5164,0
2571,1
209,0
3189,0
154,0
5586,1
4616,1
4066,1
740,0
4133,0
2015,1
3477,0
2949,0
3519,0
26,1
5526,1
5374,1
3009,1
3787,0
4759,0
3082,0
3297,0
647,0
5484,0
2523,0
5448,0
4212,1
5818,0
3384,0
5317,1
4106,0
2027,0
3640,1
2040,0
5036,1
3773,0
3601,0
3632,1
2363,0
3430,0
2787,1
2748,1
2308,0
5372,1
710,1
5994,0
3796,0
829,0
1117,0
1460,0
1838,0
3100,0
4680,1
3268,1
2931,0
3332,1
2906,1
2968,1
942,0
98,1
5840,0
3426,0
784,0
3201,1
4705,0
381,0
507,1
4471,0
4036,1
3728,0
2819,1
991,1
2371,0
68,0
4175,1
2289,1
695,0
3892,0
891,1
2538,0
3127,0
5024,1
4207,0
4064,0
3857,0
2941,0
3027,0
5359,0
2409,0
2985,0
966,0
4771,0
5782,1
5086,0
5566,0
1220,0
1736,1
1962,1
534,0
104,1
1687,0
5916,1
3140,0
3463,0
1827,0
4351,1
484,0
661,0
4379,0
2915,0
2113,0
1770,1
5399,0
2293,0
3622,1
4248,0
5009,1
2847,0
3537,0
3759,0
5584,0
1320,0
3646,0
323,0
4691,0
2338,0
4623,0
3146,0
53,1
1048,0
2669,0
2424,0
2926,0
4977,0
4970,0
5847,0
4940,0
2143,0
1628,0
5642,1
1192,1
4931,1
5904,1
4619,0
2403,1
3895,0
1644,0
4441,1
4242,1
1063,0
2708,0
3298,1
4159,0
4924,1
5618,1
5601,1
4407,0
4602,0
1341,0
3515,0
5973,0
2210,0
5884,1
5285,0
3496,0
2414,1
2861,1
2109,1
707,1
3614,0
4919,0
5839,0
1484,0
1567,0
3964,1
875,1
4747,0
207,1
5122,1
541,0
2670,0
4576,1
5102,1
3668,0
2212,0
3577,0
5250,1
459,0
2896,1
2268,0
5093,0
5334,1
5716,0
4642,0
5104,0
2934,0
4723,1
277,0
2696,0
4220,0
628,0
4439,1
2593,0
3824,0
3703,1
3319,0
5507,0
2484,1
1204,0
5136,0
4063,0
5475,0
2190,0
3780,0
2382,0
4610,1
1542,0
4965,0
2903,0
3928,0
1004,0
4598,0
4068,0
3648,0
3906,0
608,1
1855,1
2720,1
4951,1
3425,0
5631,0
2346,0
1141,0
4696,0
2640,0
5897,0
4261,0
4143,1
986,1
3164,0
3867,0
5638,0
221,0
5295,0
1845,0
1312,0
4157,0
5724,0
5272,0
2092,1
5735,0
1624,1
2200,0
5125,0
5696,1
1174,0
5068,0
3736,0
1142,0
3541,0
1989,0
658,0
1703,0
293,0
5684,0
1245,0
2815,0
368,0
3148,0
114,0
3741,0
4331,0
446,0
4339,0
2694,0
4456,0
5348,0
332,0
1689,0
3112,0
3785,0
5352,0
2692,0
250,0
4558,0
3258,0
2642,0
4665,0
4697,0
2266,0
681,0
1900,0
2685,0
5730,0
1358,0
4429,0
2911,0
392,0
3234,1
5715,0
1630,0
1720,0
946,0
5060,0
2832,0
5453,0
2849,0
1663,0
2291,1
266,0
5129,1
5572,0
5833,0
4380,0
2520,0
1466,0
5081,0
2236,0
5351,0
2894,0
2100,0
781,0
1097,0
670,0
2974,0
2248,0
1522,0
5227,0
2741,0
1305,0
4855,0
4023,0
872,0
5646,0
1536,0
617,0
1436,0
2434,0
3700,0
1793,0
5788,0
684,0
4577,0
4625,0
2221,0
3589,0
1267,0
18,0
2433,0
1101,0
2245,0
4017,0
1821,0
3714,0
6000,0
3858,0
3754,0
3501,0
5462,0
3342,0
2304,0
2509,0
5079,0
4674,0
3093,0
486,0
1107,0
1813,0
2792,0
3535,0
5015,1
1057,0
178,0
814,0
5551,0
513,0
5879,0
5421,0
3167,0
1463,0
4463,0
1493,0
2251,0
2686,0
2972,0
4469,1
4829,1
4630,0
959,0
3150,0
3660,0
3734,0
3511,1
1413,0
1164,0
2044,1
1878,0
1387,0
3689,0
5288,0
4496,0
854,0
4478,0
4885,0
5074,1
5008,0
2361,0
1979,0
4097,1
4976,1
4978,0
2078,0
801,0
1180,0
1175,0
4876,0
550,0
278,0
215,0
1304,0
4934,1
2090,0
4313,0
4190,0
2294,1
5080,0
4819,0
2988,0
5762,1
3221,0
3327,0
1223,1
2437,1
211,0
2822,0
2618,1
1865,0
4772,0
4830,0
4358,0
1611,0
2776,0
1578,0
1765,0
3963,0
5506,0
2905,0
4807,0
13,0
4918,1
5605,0
3109,0
5976,1
2288,0
3336,0
2282,0
4422,0
4457,0
3323,0
1969,1
5435,1
4746,0
1903,0
5680,0
4109,1
1633,0
1666,0
5007,0
3500,0
4233,0
499,0
1683,0
4780,1
2410,0
5610,0
352,0
3509,0
4902,0
5757,0
2321,0
3195,0
50,0
2900,0
3642,0
284,0
4997,0
389,1
3281,0
5628,0
948,1
3819,1
4728,0
4652,0
3144,0
5534,0
5111,0
5394,0
3051,0
2960,0
4098,0
3373,0
4295,0
963,0
3847,0
2319,0
4713,0
2583,0
4667,0
5530,0
31,0
652,0
2379,0
2066,0
3271,0
5058,0
4194,0
5756,0
2310,1
485,0
5851,0
529,0
2360,0
2408,0
2660,0
5871,0
3212,0
2734,0
438,0
2491,0
1854,0
1692,0
1489,0
1614,0
3302,0
904,0
4871,0
5305,0
5120,0
4687,0
4232,0
1373,0
3908,0
5808,0
804,0
4752,0
1138,0
4824,0
2354,0
4330,0
3649,0
478,0
28,0
2332,0
1682,0
321,0
5988,0
5414,0
4309,0
4365,0
4489,1
5011,0
5169,1
67,1
2575,1
3084,0
1293,0
2309,0
2506,1
2147,0
5673,0
2534,0
5703,0
3973,0
285,0
5509,0
920,0
3456,1
363,0
1061,0
978,0
3971,0
5502,0
598,0
4535,0
1135,1
1372,0
2383,0
3357,0
1193,0
2635,0
3991,0
3719,0
4802,0
5981,0
5510,0
302,0
5708,0
2019,0
4366,0
2080,0
4326,0
2068,0
2522,0
731,0
111,0
5077,0
4539,0
3688,0
4600,0
3356,0
4288,0
5265,0
5599,0
417,0
5115,0
3841,0
1469,0
519,0
4473,0
1255,0
246,0
5640,0
1038,0
2856,0
2312,0
4762,0
981,0
3618,0
544,0
4603,0
2807,0
4915,0
402,0
3131,0
3634,0
4483,0
5266,0
5441,0
2804,0
5218,0
587,0
863,0
292,0
3436,0
509,0
1043,0
413,0
1280,0
3945,0
5907,0
4170,0
2365,0
5319,0
4865,0
3260,0
619,0
4149,0
2141,0
5563,0
1519,0
1597,0
632,0
4880,0
2952,0
2061,0
3744,0
4223,0
4266,0
4166,0
5765,0
2438,1
805,0
4332,0
4987,0
870,0
137,0
3580,0
2145,1
5037,0
240,0
2055,0
2155,1
3701,0
1672,0
4222,0
5131,0
3450,0
1934,0
1161,1
79,0
3828,0
961,0
5491,0
3849,0
2852,0
288,0
1568,0
569,0
4343,0
2989,0
3062,0
764,0
2347,0
4862,0
4180,0
4231,0
3331,0
2899,0
1433,0
2029,0
2132,0
4205,0
3949,0
1370,0
3564,0
1406,0
5051,0
2033,0
621,0
1009,0
4141,0
1856,0
2016,0
4234,0
320,0
4192,0
4557,0
1184,0
57,1
5274,0
4626,0
3000,0
515,0
1654,0
2058,0
5064,0
1028,0
3001,0
1955,0
2630,0
2953,0
5380,0
727,0
2503,0
3512,0
1392,0
1548,0
1232,0
3893,0
761,0
5914,0
2997,0
1552,0
421,0
316,0
4634,0
4451,0
4736,0
347,0
560,0
3119,0
5162,0
1824,0
779,0
1743,0
4363,0
2700,0
2546,0
2869,0
4757,0
2924,0
3036,0
2204,0
4857,1
3556,0
5821,0
1340,0
592,0
3489,0
289,0
3162,0
915,0
5393,0
3039,0
4811,0
2945,0
5520,0
3259,0
5941,0
3376,0
3470,0
2562,1
1439,0
4181,0
3782,0
3030,0
5779,0
2186,0
2574,0
1585,0
5548,0
1218,0
2494,0
1554,0
4316,0
5624,0
648,0
2249,0
1801,0
115,0
5939,0
4637,0
5014,0
3059,0
487,0
5905,0
1873,0
3282,0
1656,0
4571,0
2063,0
2035,0
4678,0
5595,0
857,0
4432,0
3852,0
3405,0
721,0
2026,0
4770,1
1313,0
5965,0
395,0
3263,0
4920,0
1791,0
58,0
1099,0
122,0
5859,0
1238,0
1116,0
999,0
378,0
1029,0
2983,0
4986,0
4225,0
2917,0
5812,0
3431,0
5012,0
3458,1
14,0
1067,0
2567,0
5794,0
5903,0
2184,0
1757,0
4,0
424,0
4698,0
1516,0
5820,0
1975,0
4372,0
3133,0
1603,0
5802,0
1806,0
102,0
1421,0
40,0
1935,0
3999,0
1118,0
3069,0
1248,1
1365,0
257,0
2258,0
3461,0
59,0
722,0
3322,0
1987,1
5384,1
1967,0
4056,0
747,0
2087,0
3080,0
4446,1
3058,0
4245,0
4767,0
2951,0
4525,0
2872,0
1754,1
1761,0
4530,1
2366,0
3730,0
3942,0
669,0
2413,0
2489,0
923,1
451,0
3243,0
5406,0
3571,0
5190,0
5333,0
2639,1
1901,0
702,0
5005,0
4230,0
5133,0
2650,0
1070,0
3466,0
2521,0
703,0
150,0
867,0
166,1
3995,0
415,0
3638,0
4493,0
4153,0
2359,0
3401,0
5678,0
5329,0
4461,0
4995,0
1366,0
336,0
2608,0
5578,0
3600,0
2701,0
2052,0
5608,0
5059,0
1717,0
3398,0
140,0
4084,0
457,0
4047,0
2146,0
5297,1
2488,0
3175,0
5819,0
2893,0
4611,1
131,0
165,0
1794,0
3727,0
5641,0
4424,0
1462,0
2802,0
5099,0
2829,1
4124,0
1831,0
568,0
30,1
1652,0
2698,0
2547,0
5867,0
732,0
1391,0
5858,0
692,0
1933,0
1602,0
1523,0
1965,0
372,0
752,0
3265,0
5318,0
4347,0
1832,0
1153,0
3843,0
663,0
2531,0
269,0
94,0
5026,0
2121,0
4517,0
1199,0
2515,0
1758,0
1861,0
5991,0
3851,0
1763,0
2937,0
1513,0
5306,0
989,0
1913,0
1176,0
3862,1
2788,0
953,0
4272,0
1947,0
3684,0
3217,0
3003,0
1769,0
1738,1
3699,0
220,0
3316,0
123,0
2454,0
4823,0
227,0
3766,0
4283,0
4050,0
1868,0
1154,1
2005,0
4721,0
4718,0
5795,1
4020,0
2171,1
3554,0
3697,0
1006,0
4253,0
4737,0
2676,0
5748,0
5898,0
2990,1
3468,0
152,0
1254,0
1058,0
1910,0
1054,0
1529,0
1247,0
992,0
1002,0
1647,0
3767,0
2511,0
3602,0
889,0
5071,0
4835,0
2944,0
2095,0
469,1
4887,0
5880,0
5299,0
4299,0
3203,0
542,0
255,0
3984,0
4048,0
1471,0
1282,0
2284,0
4943,0
3409,0
1288,1
5494,0
1395,0
2517,0
5529,1
3695,0
3320,0
4152,0
2867,0
1420,0
2762,1
3187,0
2874,0
1572,0
4925,0
212,0
5142,0
2441,1
3746,0
643,0
1035,1
2999,0
1593,0
2570,0
2124,0
5922,0
1332,0
3607,0
933,0
3713,0
5695,0
2467,0
4340,0
3033,0
4776,0
3289,1
4641,0
2932,0
888,0
1635,0
3083,0
1915,0
3820,0
5178,0
1364,0
3041,0
1171,0
1260,0
1246,0
3685,0
3613,0
465,0
3570,0
2391,0
1912,0
1276,0
3154,0
4784,0
5360,0
1931,0
4668,0
4599,0
1181,0
809,1
4158,0
735,1
4727,0
439,0
5652,0
962,0
2151,0
3159,0
5952,0
2024,0
5983,0
3834,0
3299,0
1800,0
1273,1
2681,0
5547,0
5786,0
463,0
3410,1
3938,0
1512,0
2946,0
1119,0
3124,0
4250,0
4071,0
1625,0
4547,0
3974,0
1971,0
1940,0
5362,0
2794,0
4387,0
2474,0
3257,0
1951,0
2967,0
5308,0
1980,0
1378,0
1643,0
2573,0
5702,0
2400,0
5123,0
3104,0
371,0
5497,0
5959,0
5570,0
2337,0
5031,0
3625,0
3415,0
5248,0
5439,0
1498,0
2197,0
4119,1
5401,0
775,0
1958,0
4583,0
3419,1
4336,0
763,0
5949,0
4420,0
4895,0
4555,0
3961,0
656,0
2062,0
1457,0
1346,0
3273,0
4495,0
1620,1
738,0
1849,0
4622,0
1497,0
245,0
5899,1
3413,1
1126,0
5209,0
5223,0
4567,0
475,0
2106,0
4367,0
1814,1
149,0
2242,0
2747,0
2713,0
2939,0
4508,0
5577,0
1426,0
4700,1
5593,0
2833,0
5287,0
1539,1
1982,1
4962,0
107,0
4908,1
1044,0
2746,0
2446,1
627,0
3588,0
5253,0
3491,0
5207,0
3677,1
4204,0
1385,0
3042,0
633,1
4264,0
5985,0
2176,0
4354,0
4081,0
3340,0
3563,0
1080,0
827,0
584,0
1844,0
5910,0
1973,0
2105,0
3040,0
3375,0
2340,0
858,0
3729,0
4267,0
2257,0
5736,0
1698,0
1808,0
851,0
5320,1
5206,0
8,0
724,0
4791,0
3901,0
3128,0
4627,0
3018,0
620,0
4404,0
2265,0
1182,0
2126,0
2719,0
4523,0
5487,0
2435,0
4352,1
3957,0
973,0
4208,0
2168,0
510,0
5002,0
2036,0
3321,0
408,0
639,0
5124,1
3229,1
2307,0
5087,0
5826,0
1573,0
4355,0
365,0
3435,0
3946,0
182,0
4373,1
29,0
4533,1
3593,0
3988,0
4030,0
4430,0
4666,0
886,0
5567,0
4938,1
4502,0
2781,0
2690,0
4113,0
2935,0
4562,1
3191,0
5804,0
2461,0
4186,0
4707,0
4809,0
1281,1
406,0
2296,0
5385,0
1481,0
2892,1
5279,0
38,0
4631,0
2663,0
554,0
1415,0
5322,0
820,0
252,0
3355,0
578,0
4024,0
4075,0
3869,1
890,0
1555,0
1093,0
5746,0
2602,0
169,1
5737,0
5713,0
1251,0
833,1
4065,0
5830,0
2731,0
4559,0
2888,0
2497,0
2625,0
2827,0
1871,0
4311,0
556,1
3671,0
601,0
818,0
3661,0
655,0
1425,0
4831,0
4989,0
5791,0
4006,0
4714,0
4656,0
3628,0
3349,0
5474,0
927,0
1942,0
5697,0
232,0
1012,0
1741,0
5425,0
360,0
835,0
3,0
796,0
2389,0
793,1
2778,0
2208,0
4913,0
3726,0
2086,0
5515,0
4661,0
3756,0
1296,0
3853,0
5293,0
5215,0
3454,1
3538,0
1515,0
1003,1
5967,0
1918,0
3199,0
2490,0
55,0
5440,1
1052,0
5809,0
4329,0
1440,1
907,0
3504,0
1774,0
1617,0
5580,0
3284,0
4592,1
1944,0
4417,1
980,1
5523,0
385,0
624,0
1207,0
1299,0
780,1
3252,0
4246,0
3826,1
1033,0
4546,0
2404,0
2134,0
2876,0
1858,0
4878,0
46,0
5798,0
5865,0
3732,0
4454,0
881,0
3205,0
3900,0
5396,0
4216,0
4526,0
2913,1
355,1
3830,0
2598,0
426,0
2420,0
4870,0
4079,0
2834,0
819,1
5444,0
2432,0
5275,0
2352,0
1478,0
1612,0
2014,0
236,0
2214,0
2231,0
1228,0
3023,0
4528,0
5542,1
3920,0
5316,0
5407,0
3598,0
2680,1
4171,0
993,1
1919,0
172,0
911,0
770,0
2076,0
839,0
645,0
2174,0
1040,0
570,0
5876,0
428,0
2566,0
3002,0
2436,0
1492,0
1600,1
4472,0
3552,1
303,0
2495,0
654,0
2419,0
4187,0
4353,0
4383,0
4497,0
2609,0
5257,0
5127,0
3072,0
4260,0
3225,0
3555,1
3464,0
2839,0
4037,0
290,0
4370,0
5521,0
5097,1
3274,0
1627,1
3590,0
5358,0
969,0
2302,0
5527,0
5389,0
2505,1
2759,0
3046,0
3742,0
456,0
1075,0
3253,0
4486,0
3596,1
894,0
4513,1
81,1
1742,0
4265,0
130,0
1173,0
3643,0
5349,1
2125,0
687,0
261,0
847,0
2723,0
409,0
4638,0
4393,0
4038,1
4693,0
5455,1
4183,0
5887,0
4341,1
4252,0
4516,0
5309,0
977,0
4059,0
1333,0
1424,0
275,1
3540,0
4247,0
4614,0
3276,0
2056,0
4635,0
1472,0
4647,0
3585,0
2615,0
2384,0
1037,0
4296,0
2406,0
3411,0
5868,0
2217,0
3755,0
4799,0
837,1
1474,0
2837,0
1867,0
1196,0
3721,0
231,0
5023,1
3231,0
4886,1
3691,0
3717,1
965,0
374,0
4305,0
2627,0
914,0
3919,0
1826,0
3865,0
3662,0
3166,1
2453,0
1222,0
2961,0
785,0
2982,0
281,0
4374,0
4377,0
192,1
2116,0
2259,0
3152,0
2749,1
3641,0
4646,0
5198,1
5720,0
3086,0
5442,0
1129,0
4734,0
3844,0
23,0
3047,0
286,0
2500,0
3462,0
726,0
1504,0
3301,0
559,1
1841,0
3542,1
4923,1
5832,0
54,0
199,1
5416,0
2530,0
1041,0
5149,1
2252,1
3333,0
3230,1
2739,0
4011,0
2179,0
879,0
3369,0
5948,0
4061,0
3304,0
5183,0
3793,0
3122,1
746,0
4078,0
4033,0
2481,0
1517,0
1886,0
5872,0
1272,0
5499,0
3222,0
4447,0
1110,0
1923,0
307,0
1936,0
1336,1
1123,1
2422,1
5483,1
6,0
3514,1
2023,0
5034,0
2965,1
2623,0
3277,0
974,1
1240,0
2283,0
1592,1
755,0
1668,0
5728,1
2533,0
4485,0
3522,0
852,0
3417,0
2425,0
4730,1
1890,0
5752,0
3325,1
5531,0
4026,1
4926,1
2835,0
1828,1
614,1
3408,0
3873,0
4983,0
181,0
4445,0
1486,1
769,0
2758,0
349,1
4174,0
4022,0
2791,0
3769,1
3587,1
2362,1
2691,0
5315,1
467,0
3536,0
1621,1
733,0
860,1
5558,1
1143,0
3502,1
5343,0
3513,0
4054,0
2038,0
1540,0
5280,0
5974,0
4613,0
2910,0
4578,0
4927,0
1864,0
491,0
2022,0
3125,0
2350,0
1970,0
3936,0
4460,0
3254,0
4856,0
5170,0
2860,1
3876,0
5997,1
4803,0
1316,0
3344,0
1874,0
1215,0
455,0
3978,0
480,0
3650,0
704,1
5057,1
3967,0
5813,1
2740,0
3546,0
2764,1
5214,0
2978,1
3138,0
2933,1
5505,0
5960,0
3620,1
3934,0
5659,0
4624,1
2766,0
2376,1
5651,1
1261,0
1819,0
5282,1
157,0
2540,0
3366,1
2427,0
2219,1
4529,0
616,0
4999,1
5672,0
4285,0
4615,1
1286,1
5181,0
696,0
2614,0
376,0
1546,1
3293,1
4820,0
2264,1
3372,0
4337,0
2795,1
4201,0
1775,1
5645,1
5691,0
5261,1
2447,1
679,0
4101,0
2318,1
1748,0
530,0
267,0
646,1
3783,1
4286,1
4699,0
2902,0
4490,0
1095,0
640,0
1239,1
4821,0
3200,1
1616,0
4482,0
2060,0
5552,0
3623,0
2216,0
5968,1
690,0
440,1
5893,1
170,0
2030,0
538,1
2586,0
4464,1
4884,1
5632,0
5854,0
5044,0
2535,0
2042,0
1488,0
1121,0
558,0
1892,1
4810,0
3659,0
4673,1
312,0
2331,0
5790,0
2344,0
3545,0
5479,0
5242,0
2305,0
4815,0
5890,0
4883,0
537,0
112,0
5179,0
5612,0
3530,1
2047,1
5970,0
448,0
2840,0
5489,0
4967,1
3592,0
5824,1
557,0
452,0
5614,0
5777,1
3823,0
5307,0
4229,0
441,0
2993,0
4182,0
3054,1
5126,0
2209,0
327,0
987,1
1197,1
691,0
5130,0
33,0
5810,0
3966,0
1470,0
1746,0
3750,0
1581,1
623,1
3433,0
1561,0
4419,0
2580,1
416,0
4790,0
230,0
3184,0
3136,0
3250,1
5942,1
5469,1
5191,0
997,0
3214,0
5924,0
5643,1
871,1
4605,0
3872,1
1790,0
2327,0
264,1
361,0
2322,0
5213,1
4996,0
1728,0
3547,0
1001,0
4990,0
3172,0
238,0
2150,0
4188,0
1938,0
4764,1
3219,1
1714,1
479,1
454,1
5303,0
2955,0
3171,0
545,0
4670,0
3812,0
2108,0
5545,0
1149,0
504,0
9,0
64,0
1731,1
5113,0
4527,1
2373,0
4889,0
461,1
2767,0
3752,0
5204,1
5174,1
2648,0
4748,0
4002,1
5951,0
5814,1
4538,0
2930,0
3380,0
3835,0
4566,0
2496,0
1060,1
5061,0
5339,0
3763,1
3174,1
4077,1
5785,0
141,0
3239,0
1997,0
2780,0
964,1
5052,0
2353,1
1076,1
162,1
2203,0
532,0
5902,0
4249,0
899,1
2752,0
745,0
1623,1
5342,0
1183,0
4095,0
2234,1
3490,0
1820,0
1480,0
2870,0
3675,0
5072,0
5003,0
2964,1
4440,1
2799,0
4658,0
842,1
3379,0
3439,1
581,0
3951,0
2230,0
5869,0
3066,0
3404,0
844,1
4140,1
4041,1
338,0
5467,0
3550,1
3976,0
3572,0
1106,1
3722,0
3055,0
3440,0
1091,0
4328,0
1699,0
697,0
701,0
1144,0
5613,0
2148,0
680,0
1147,0
4998,0
3079,0
3776,0
4262,0
3091,0
3004,0
5594,0
3709,0
5996,0
4858,0
984,0
685,0
5409,0
2589,0
1301,0
2349,0
3665,0
1109,0
103,0
3428,0
5232,0
2297,0
4717,0
3402,0
1167,0
2584,0
5138,0
5063,0
3508,0
5335,0
1405,0
3765,0
2442,0
190,0
3733,0
5797,0
1265,0
5676,0
5067,0
4350,0
2072,0
3913,0
373,0
3774,0
1225,0
3747,0
3387,0
204,0
1994,0
4345,0
4403,0
3968,0
3090,0
3452,0
2760,0
4213,0
2320,0
4921,0
3008,0
3351,0
3794,0
1073,0
1926,0
843,0
3886,0
1008,0
4281,0
3543,0
1518,0
4481,0
223,0
4750,0
243,0
3666,0
1917,0
5370,0
2775,0
1389,0
